arXiv:1703.10593	Unpaired Image-to-Image Translation using Cycle-Consistent Adversarial  Networks	https://arxiv.org/pdf/1703.10593.pdf	Jun-Yan Zhu, Taesung Park, Phillip Isola, Alexei A. Efros	https://arxiv.org/find/cs/1/au:+Zhu_J/0/1/0/all/0/1,https://arxiv.org/find/cs/1/au:+Park_T/0/1/0/all/0/1,https://arxiv.org/find/cs/1/au:+Isola_P/0/1/0/all/0/1,https://arxiv.org/find/cs/1/au:+Efros_A/0/1/0/all/0/1	Computer Vision and Pattern Recognition (cs.CV)	https://arxiv.org/abs/1703.10593.pdf
arXiv:1703.10584	Geometric Affordances from a Single Example via the Interaction Tensor	https://arxiv.org/pdf/1703.10584.pdf	Eduardo Ruiz, Walterio Mayol-Cuevas	https://arxiv.org/find/cs/1/au:+Ruiz_E/0/1/0/all/0/1,https://arxiv.org/find/cs/1/au:+Mayol_Cuevas_W/0/1/0/all/0/1	Computer Vision and Pattern Recognition (cs.CV)	https://arxiv.org/abs/1703.10584.pdf
arXiv:1703.10580	MoFA: Model-based Deep Convolutional Face Autoencoder for Unsupervised  Monocular Reconstruction	https://arxiv.org/pdf/1703.10580.pdf	Ayush Tewari, Michael Zollhöfer, Hyeongwoo Kim, Pablo Garrido, Florian Bernard, Patrick Pérez, Christian Theobalt	https://arxiv.org/find/cs/1/au:+Tewari_A/0/1/0/all/0/1,https://arxiv.org/find/cs/1/au:+Zollhofer_M/0/1/0/all/0/1,https://arxiv.org/find/cs/1/au:+Kim_H/0/1/0/all/0/1,https://arxiv.org/find/cs/1/au:+Garrido_P/0/1/0/all/0/1,https://arxiv.org/find/cs/1/au:+Bernard_F/0/1/0/all/0/1,https://arxiv.org/find/cs/1/au:+Perez_P/0/1/0/all/0/1,https://arxiv.org/find/cs/1/au:+Theobalt_C/0/1/0/all/0/1	Computer Vision and Pattern Recognition (cs.CV)	https://arxiv.org/abs/1703.10580.pdf
arXiv:1703.10571	Bootstrapping Labelled Dataset Construction for Cow Tracking and  Behavior Analysis	https://arxiv.org/pdf/1703.10571.pdf	Aram Ter-Sarkisov, Robert Ross, John Kelleher	https://arxiv.org/find/cs/1/au:+Ter_Sarkisov_A/0/1/0/all/0/1,https://arxiv.org/find/cs/1/au:+Ross_R/0/1/0/all/0/1,https://arxiv.org/find/cs/1/au:+Kelleher_J/0/1/0/all/0/1	Computer Vision and Pattern Recognition (cs.CV)	https://arxiv.org/abs/1703.10571.pdf
arXiv:1703.10553	Learning Convolutional Networks for Content-weighted Image Compression	https://arxiv.org/pdf/1703.10553.pdf	Mu Li, Wangmeng Zuo, Shuhang Gu, Debin Zhao, David Zhang	https://arxiv.org/find/cs/1/au:+Li_M/0/1/0/all/0/1,https://arxiv.org/find/cs/1/au:+Zuo_W/0/1/0/all/0/1,https://arxiv.org/find/cs/1/au:+Gu_S/0/1/0/all/0/1,https://arxiv.org/find/cs/1/au:+Zhao_D/0/1/0/all/0/1,https://arxiv.org/find/cs/1/au:+Zhang_D/0/1/0/all/0/1	Computer Vision and Pattern Recognition (cs.CV)	https://arxiv.org/abs/1703.10553.pdf
arXiv:1703.10530	Efficient optimization for Hierarchically-structured Interacting  Segments (HINTS)	https://arxiv.org/pdf/1703.10530.pdf	Hossam Isack, Olga Veksler, Ipek Oguz, Milan Sonka, Yuri Boykov	https://arxiv.org/find/cs/1/au:+Isack_H/0/1/0/all/0/1,https://arxiv.org/find/cs/1/au:+Veksler_O/0/1/0/all/0/1,https://arxiv.org/find/cs/1/au:+Oguz_I/0/1/0/all/0/1,https://arxiv.org/find/cs/1/au:+Sonka_M/0/1/0/all/0/1,https://arxiv.org/find/cs/1/au:+Boykov_Y/0/1/0/all/0/1	Computer Vision and Pattern Recognition (cs.CV)	https://arxiv.org/abs/1703.10530.pdf
arXiv:1703.10501	A Paradigm Shift: Detecting Human Rights Violations Through Web Images	https://arxiv.org/pdf/1703.10501.pdf	Grigorios Kalliatakis, Shoaib Ehsan, Klaus D. McDonald-Maier	https://arxiv.org/find/cs/1/au:+Kalliatakis_G/0/1/0/all/0/1,https://arxiv.org/find/cs/1/au:+Ehsan_S/0/1/0/all/0/1,https://arxiv.org/find/cs/1/au:+McDonald_Maier_K/0/1/0/all/0/1	Computer Vision and Pattern Recognition (cs.CV)	https://arxiv.org/abs/1703.10501.pdf
arXiv:1703.10480	A deep learning classification scheme based on augmented-enhanced  features to segment organs at risk on the optic region in brain cancer  patients	https://arxiv.org/pdf/1703.10480.pdf	Jose Dolz, Nicolas Reyns, Nacim Betrouni, Dris Kharroubi, Mathilde Quidet, Laurent Massoptier, Maximilien Vermandel	https://arxiv.org/find/cs/1/au:+Dolz_J/0/1/0/all/0/1,https://arxiv.org/find/cs/1/au:+Reyns_N/0/1/0/all/0/1,https://arxiv.org/find/cs/1/au:+Betrouni_N/0/1/0/all/0/1,https://arxiv.org/find/cs/1/au:+Kharroubi_D/0/1/0/all/0/1,https://arxiv.org/find/cs/1/au:+Quidet_M/0/1/0/all/0/1,https://arxiv.org/find/cs/1/au:+Massoptier_L/0/1/0/all/0/1,https://arxiv.org/find/cs/1/au:+Vermandel_M/0/1/0/all/0/1	Computer Vision and Pattern Recognition (cs.CV)	https://arxiv.org/abs/1703.10480.pdf
arXiv:1703.10476	Speaking the Same Language: Matching Machine to Human Captions by  Adversarial Training	https://arxiv.org/pdf/1703.10476.pdf	Rakshith Shetty, Marcus Rohrbach, Lisa Anne Hendricks, Mario Fritz, Bernt Schiele	https://arxiv.org/find/cs/1/au:+Shetty_R/0/1/0/all/0/1,https://arxiv.org/find/cs/1/au:+Rohrbach_M/0/1/0/all/0/1,https://arxiv.org/find/cs/1/au:+Hendricks_L/0/1/0/all/0/1,https://arxiv.org/find/cs/1/au:+Fritz_M/0/1/0/all/0/1,https://arxiv.org/find/cs/1/au:+Schiele_B/0/1/0/all/0/1	Computer Vision and Pattern Recognition (cs.CV)	https://arxiv.org/abs/1703.10476.pdf
arXiv:1703.10332	Dynamic Computational Time for Visual Attention	https://arxiv.org/pdf/1703.10332.pdf	Zhichao Li, Yi Yang, Xiao Liu, Shilei Wen, Wei Xu	https://arxiv.org/find/cs/1/au:+Li_Z/0/1/0/all/0/1,https://arxiv.org/find/cs/1/au:+Yang_Y/0/1/0/all/0/1,https://arxiv.org/find/cs/1/au:+Liu_X/0/1/0/all/0/1,https://arxiv.org/find/cs/1/au:+Wen_S/0/1/0/all/0/1,https://arxiv.org/find/cs/1/au:+Xu_W/0/1/0/all/0/1	Computer Vision and Pattern Recognition (cs.CV)	https://arxiv.org/abs/1703.10332.pdf
arXiv:1703.10304	Planecell: Representing the 3D Space with Planes	https://arxiv.org/pdf/1703.10304.pdf	Lei Fan, Ziyu Pan, Long Chen, Kai Huang	https://arxiv.org/find/cs/1/au:+Fan_L/0/1/0/all/0/1,https://arxiv.org/find/cs/1/au:+Pan_Z/0/1/0/all/0/1,https://arxiv.org/find/cs/1/au:+Chen_L/0/1/0/all/0/1,https://arxiv.org/find/cs/1/au:+Huang_K/0/1/0/all/0/1	Computer Vision and Pattern Recognition (cs.CV)	https://arxiv.org/abs/1703.10304.pdf
arXiv:1703.10295	DeNet: Scalable Real-time Object Detection with Directed Sparse Sampling	https://arxiv.org/pdf/1703.10295.pdf	Lachlan Tychsen-Smith, Lars Petersson	https://arxiv.org/find/cs/1/au:+Tychsen_Smith_L/0/1/0/all/0/1,https://arxiv.org/find/cs/1/au:+Petersson_L/0/1/0/all/0/1	Computer Vision and Pattern Recognition (cs.CV)	https://arxiv.org/abs/1703.10295.pdf
arXiv:1703.10277	Semantic Instance Segmentation via Deep Metric Learning	https://arxiv.org/pdf/1703.10277.pdf	Alireza Fathi, Zbigniew Wojna, Vivek Rathod, Peng Wang, Hyun Oh Song, Sergio Guadarrama, Kevin P. Murphy	https://arxiv.org/find/cs/1/au:+Fathi_A/0/1/0/all/0/1,https://arxiv.org/find/cs/1/au:+Wojna_Z/0/1/0/all/0/1,https://arxiv.org/find/cs/1/au:+Rathod_V/0/1/0/all/0/1,https://arxiv.org/find/cs/1/au:+Wang_P/0/1/0/all/0/1,https://arxiv.org/find/cs/1/au:+Song_H/0/1/0/all/0/1,https://arxiv.org/find/cs/1/au:+Guadarrama_S/0/1/0/all/0/1,https://arxiv.org/find/cs/1/au:+Murphy_K/0/1/0/all/0/1	Computer Vision and Pattern Recognition (cs.CV)	https://arxiv.org/abs/1703.10277.pdf
arXiv:1703.10239	SeGAN: Segmenting and Generating the Invisible	https://arxiv.org/pdf/1703.10239.pdf	Kiana Ehsani, Roozbeh Mottaghi, Ali Farhadi	https://arxiv.org/find/cs/1/au:+Ehsani_K/0/1/0/all/0/1,https://arxiv.org/find/cs/1/au:+Mottaghi_R/0/1/0/all/0/1,https://arxiv.org/find/cs/1/au:+Farhadi_A/0/1/0/all/0/1	Computer Vision and Pattern Recognition (cs.CV)	https://arxiv.org/abs/1703.10239.pdf
arXiv:1703.10217	Smartphone Based Colorimetric Detection via Machine Learning	https://arxiv.org/pdf/1703.10217.pdf	Ali Y. Mutlu, Volkan Kılıç, Gizem K. Özdemir, Abdullah Bayram, Nesrin Horzum, Mehmet E. Solmaz	https://arxiv.org/find/cs/1/au:+Mutlu_A/0/1/0/all/0/1,https://arxiv.org/find/cs/1/au:+Kilic_V/0/1/0/all/0/1,https://arxiv.org/find/cs/1/au:+Ozdemir_G/0/1/0/all/0/1,https://arxiv.org/find/cs/1/au:+Bayram_A/0/1/0/all/0/1,https://arxiv.org/find/cs/1/au:+Horzum_N/0/1/0/all/0/1,https://arxiv.org/find/cs/1/au:+Solmaz_M/0/1/0/all/0/1	Computer Vision and Pattern Recognition (cs.CV)	https://arxiv.org/abs/1703.10217.pdf
arXiv:1703.10200	Learning High Dynamic Range from Outdoor Panoramas	https://arxiv.org/pdf/1703.10200.pdf	Jinsong Zhang, Jean-François Lalonde	https://arxiv.org/find/cs/1/au:+Zhang_J/0/1/0/all/0/1,https://arxiv.org/find/cs/1/au:+Lalonde_J/0/1/0/all/0/1	Computer Vision and Pattern Recognition (cs.CV)	https://arxiv.org/abs/1703.10200.pdf
arXiv:1703.10196	Detecting Human Interventions on the Landscape: KAZE Features, Poisson  Point Processes, and a Construction Dataset	https://arxiv.org/pdf/1703.10196.pdf	Edward Boyda, Colin McCormick, Dan Hammer	https://arxiv.org/find/cs/1/au:+Boyda_E/0/1/0/all/0/1,https://arxiv.org/find/cs/1/au:+McCormick_C/0/1/0/all/0/1,https://arxiv.org/find/cs/1/au:+Hammer_D/0/1/0/all/0/1	Computer Vision and Pattern Recognition (cs.CV)	https://arxiv.org/abs/1703.10196.pdf
arXiv:1703.10155	CVAE-GAN: Fine-Grained Image Generation through Asymmetric Training	https://arxiv.org/pdf/1703.10155.pdf	Jianmin Bao, Dong Chen, Fang Wen, Houqiang Li, Gang Hua	https://arxiv.org/find/cs/1/au:+Bao_J/0/1/0/all/0/1,https://arxiv.org/find/cs/1/au:+Chen_D/0/1/0/all/0/1,https://arxiv.org/find/cs/1/au:+Wen_F/0/1/0/all/0/1,https://arxiv.org/find/cs/1/au:+Li_H/0/1/0/all/0/1,https://arxiv.org/find/cs/1/au:+Hua_G/0/1/0/all/0/1	Computer Vision and Pattern Recognition (cs.CV)	https://arxiv.org/abs/1703.10155.pdf
arXiv:1703.10131	Unrestricted Facial Geometry Reconstruction Using Image-to-Image  Translation	https://arxiv.org/pdf/1703.10131.pdf	Matan Sela, Elad Richardson, Ron Kimmel	https://arxiv.org/find/cs/1/au:+Sela_M/0/1/0/all/0/1,https://arxiv.org/find/cs/1/au:+Richardson_E/0/1/0/all/0/1,https://arxiv.org/find/cs/1/au:+Kimmel_R/0/1/0/all/0/1	Computer Vision and Pattern Recognition (cs.CV)	https://arxiv.org/abs/1703.10131.pdf
arXiv:1703.10125	Google Map Aided Visual Navigation for UAVs in GPS-denied Environment	https://arxiv.org/pdf/1703.10125.pdf	Mo Shan, Fei Wang, Feng Lin, Zhi Gao, Ya Z. Tang, Ben M. Chen	https://arxiv.org/find/cs/1/au:+Shan_M/0/1/0/all/0/1,https://arxiv.org/find/cs/1/au:+Wang_F/0/1/0/all/0/1,https://arxiv.org/find/cs/1/au:+Lin_F/0/1/0/all/0/1,https://arxiv.org/find/cs/1/au:+Gao_Z/0/1/0/all/0/1,https://arxiv.org/find/cs/1/au:+Tang_Y/0/1/0/all/0/1,https://arxiv.org/find/cs/1/au:+Chen_B/0/1/0/all/0/1	Computer Vision and Pattern Recognition (cs.CV)	https://arxiv.org/abs/1703.10125.pdf
arXiv:1703.10114	Improved Lossy Image Compression with Priming and Spatially Adaptive Bit  Rates for Recurrent Networks	https://arxiv.org/pdf/1703.10114.pdf	Nick Johnston, Damien Vincent, David Minnen, Michele Covell, Saurabh Singh, Troy Chinen, Sung Jin Hwang, Joel Shor, George Toderici	https://arxiv.org/find/cs/1/au:+Johnston_N/0/1/0/all/0/1,https://arxiv.org/find/cs/1/au:+Vincent_D/0/1/0/all/0/1,https://arxiv.org/find/cs/1/au:+Minnen_D/0/1/0/all/0/1,https://arxiv.org/find/cs/1/au:+Covell_M/0/1/0/all/0/1,https://arxiv.org/find/cs/1/au:+Singh_S/0/1/0/all/0/1,https://arxiv.org/find/cs/1/au:+Chinen_T/0/1/0/all/0/1,https://arxiv.org/find/cs/1/au:+Hwang_S/0/1/0/all/0/1,https://arxiv.org/find/cs/1/au:+Shor_J/0/1/0/all/0/1,https://arxiv.org/find/cs/1/au:+Toderici_G/0/1/0/all/0/1	Computer Vision and Pattern Recognition (cs.CV)	https://arxiv.org/abs/1703.10114.pdf
arXiv:1703.10106	Pose-conditioned Spatio-Temporal Attention for Human Action Recognition	https://arxiv.org/pdf/1703.10106.pdf	Fabien Baradel, Christian Wolf, Julien Mille	https://arxiv.org/find/cs/1/au:+Baradel_F/0/1/0/all/0/1,https://arxiv.org/find/cs/1/au:+Wolf_C/0/1/0/all/0/1,https://arxiv.org/find/cs/1/au:+Mille_J/0/1/0/all/0/1	Computer Vision and Pattern Recognition (cs.CV)	https://arxiv.org/abs/1703.10106.pdf
arXiv:1703.10025	Flow-Guided Feature Aggregation for Video Object Detection	https://arxiv.org/pdf/1703.10025.pdf	Xizhou Zhu, Yujie Wang, Jifeng Dai, Lu Yuan, Yichen Wei	https://arxiv.org/find/cs/1/au:+Zhu_X/0/1/0/all/0/1,https://arxiv.org/find/cs/1/au:+Wang_Y/0/1/0/all/0/1,https://arxiv.org/find/cs/1/au:+Dai_J/0/1/0/all/0/1,https://arxiv.org/find/cs/1/au:+Yuan_L/0/1/0/all/0/1,https://arxiv.org/find/cs/1/au:+Wei_Y/0/1/0/all/0/1	Computer Vision and Pattern Recognition (cs.CV)	https://arxiv.org/abs/1703.10025.pdf
arXiv:1703.09983	Iterative Object and Part Transfer for Fine-Grained Recognition	https://arxiv.org/pdf/1703.09983.pdf	Zhiqiang Shen, Yu-Gang Jiang, Dequan Wang, Xiangyang Xue	https://arxiv.org/find/cs/1/au:+Shen_Z/0/1/0/all/0/1,https://arxiv.org/find/cs/1/au:+Jiang_Y/0/1/0/all/0/1,https://arxiv.org/find/cs/1/au:+Wang_D/0/1/0/all/0/1,https://arxiv.org/find/cs/1/au:+Xue_X/0/1/0/all/0/1	Computer Vision and Pattern Recognition (cs.CV)	https://arxiv.org/abs/1703.09983.pdf
arXiv:1703.09971	A Geometric Framework for Stochastic Shape Analysis	https://arxiv.org/pdf/1703.09971.pdf	Alexis Arnaudon, Darryl D. Holm, Stefan Sommer	https://arxiv.org/find/cs/1/au:+Arnaudon_A/0/1/0/all/0/1,https://arxiv.org/find/cs/1/au:+Holm_D/0/1/0/all/0/1,https://arxiv.org/find/cs/1/au:+Sommer_S/0/1/0/all/0/1	Computer Vision and Pattern Recognition (cs.CV)	https://arxiv.org/abs/1703.09971.pdf
arXiv:1703.09964	Image Restoration using Autoencoding Priors	https://arxiv.org/pdf/1703.09964.pdf	Siavash Arjomand Bigdeli, Matthias Zwicker	https://arxiv.org/find/cs/1/au:+Bigdeli_S/0/1/0/all/0/1,https://arxiv.org/find/cs/1/au:+Zwicker_M/0/1/0/all/0/1	Computer Vision and Pattern Recognition (cs.CV)	https://arxiv.org/abs/1703.09964.pdf
arXiv:1703.09933	Sentiment Recognition in Egocentric Photostreams	https://arxiv.org/pdf/1703.09933.pdf	Estefania Talavera, Nicola Strisciuglio, Nicolai Petkov, Petia Radeva	https://arxiv.org/find/cs/1/au:+Talavera_E/0/1/0/all/0/1,https://arxiv.org/find/cs/1/au:+Strisciuglio_N/0/1/0/all/0/1,https://arxiv.org/find/cs/1/au:+Petkov_N/0/1/0/all/0/1,https://arxiv.org/find/cs/1/au:+Radeva_P/0/1/0/all/0/1	Computer Vision and Pattern Recognition (cs.CV)	https://arxiv.org/abs/1703.09933.pdf
arXiv:1703.09928	Bundle Optimization for Multi-aspect Embedding	https://arxiv.org/pdf/1703.09928.pdf	Qiong Zeng, Wenzheng Chen, Zhuo Han, Mingyi Shi, Yanir Kleiman, Daniel Cohen-Or, Baoquan Chen, Yangyan Li	https://arxiv.org/find/cs/1/au:+Zeng_Q/0/1/0/all/0/1,https://arxiv.org/find/cs/1/au:+Chen_W/0/1/0/all/0/1,https://arxiv.org/find/cs/1/au:+Han_Z/0/1/0/all/0/1,https://arxiv.org/find/cs/1/au:+Shi_M/0/1/0/all/0/1,https://arxiv.org/find/cs/1/au:+Kleiman_Y/0/1/0/all/0/1,https://arxiv.org/find/cs/1/au:+Cohen_Or_D/0/1/0/all/0/1,https://arxiv.org/find/cs/1/au:+Chen_B/0/1/0/all/0/1,https://arxiv.org/find/cs/1/au:+Li_Y/0/1/0/all/0/1	Computer Vision and Pattern Recognition (cs.CV)	https://arxiv.org/abs/1703.09928.pdf
arXiv:1703.09916	Towards thinner convolutional neural networks through Gradually Global  Pruning	https://arxiv.org/pdf/1703.09916.pdf	Zhengtao Wang, Ce Zhu, Zhiqiang Xia, Qi Guo, Yipeng Liu	https://arxiv.org/find/cs/1/au:+Wang_Z/0/1/0/all/0/1,https://arxiv.org/find/cs/1/au:+Zhu_C/0/1/0/all/0/1,https://arxiv.org/find/cs/1/au:+Xia_Z/0/1/0/all/0/1,https://arxiv.org/find/cs/1/au:+Guo_Q/0/1/0/all/0/1,https://arxiv.org/find/cs/1/au:+Liu_Y/0/1/0/all/0/1	Computer Vision and Pattern Recognition (cs.CV)	https://arxiv.org/abs/1703.09916.pdf
arXiv:1703.09913	Who's Better, Who's Best: Skill Determination in Video using Deep  Ranking	https://arxiv.org/pdf/1703.09913.pdf	Hazel Doughty, Dima Damen, Walterio Mayol-Cuevas	https://arxiv.org/find/cs/1/au:+Doughty_H/0/1/0/all/0/1,https://arxiv.org/find/cs/1/au:+Damen_D/0/1/0/all/0/1,https://arxiv.org/find/cs/1/au:+Mayol_Cuevas_W/0/1/0/all/0/1	Computer Vision and Pattern Recognition (cs.CV)	https://arxiv.org/abs/1703.09913.pdf
arXiv:1703.09912	One Network to Solve Them All --- Solving Linear Inverse Problems using  Deep Projection Models	https://arxiv.org/pdf/1703.09912.pdf	J. H. Rick Chang, Chun-Liang Li, Barnabas Poczos, B. V. K. Vijaya Kumar, Aswin C. Sankaranarayanan	https://arxiv.org/find/cs/1/au:+Chang_J/0/1/0/all/0/1,https://arxiv.org/find/cs/1/au:+Li_C/0/1/0/all/0/1,https://arxiv.org/find/cs/1/au:+Poczos_B/0/1/0/all/0/1,https://arxiv.org/find/cs/1/au:+Kumar_B/0/1/0/all/0/1,https://arxiv.org/find/cs/1/au:+Sankaranarayanan_A/0/1/0/all/0/1	Computer Vision and Pattern Recognition (cs.CV)	https://arxiv.org/abs/1703.09912.pdf
arXiv:1703.09911	Learning with Privileged Information for Multi-Label Classification	https://arxiv.org/pdf/1703.09911.pdf	Shiyu Chen, Shangfei Wang, Tanfang Chen, Xiaoxiao Shi	https://arxiv.org/find/cs/1/au:+Chen_S/0/1/0/all/0/1,https://arxiv.org/find/cs/1/au:+Wang_S/0/1/0/all/0/1,https://arxiv.org/find/cs/1/au:+Chen_T/0/1/0/all/0/1,https://arxiv.org/find/cs/1/au:+Shi_X/0/1/0/all/0/1	Computer Vision and Pattern Recognition (cs.CV)	https://arxiv.org/abs/1703.09911.pdf
arXiv:1703.09891	LabelBank: Revisiting Global Perspectives for Semantic Segmentation	https://arxiv.org/pdf/1703.09891.pdf	Hexiang Hu, Zhiwei Deng, Guang-Tong Zhou, Fei Sha, Greg Mori	https://arxiv.org/find/cs/1/au:+Hu_H/0/1/0/all/0/1,https://arxiv.org/find/cs/1/au:+Deng_Z/0/1/0/all/0/1,https://arxiv.org/find/cs/1/au:+Zhou_G/0/1/0/all/0/1,https://arxiv.org/find/cs/1/au:+Sha_F/0/1/0/all/0/1,https://arxiv.org/find/cs/1/au:+Mori_G/0/1/0/all/0/1	Computer Vision and Pattern Recognition (cs.CV)	https://arxiv.org/abs/1703.09891.pdf
arXiv:1703.09880	Novel Structured Low-rank algorithm to recover spatially smooth  exponential image time series	https://arxiv.org/pdf/1703.09880.pdf	Arvind Balachandrasekaran, Mathews Jacob	https://arxiv.org/find/cs/1/au:+Balachandrasekaran_A/0/1/0/all/0/1,https://arxiv.org/find/cs/1/au:+Jacob_M/0/1/0/all/0/1	Computer Vision and Pattern Recognition (cs.CV)	https://arxiv.org/abs/1703.09880.pdf
arXiv:1703.09859	Click Here: Human-Localized Keypoints as Guidance for Viewpoint  Estimation	https://arxiv.org/pdf/1703.09859.pdf	Ryan Szeto, Jason J. Corso	https://arxiv.org/find/cs/1/au:+Szeto_R/0/1/0/all/0/1,https://arxiv.org/find/cs/1/au:+Corso_J/0/1/0/all/0/1	Computer Vision and Pattern Recognition (cs.CV)	https://arxiv.org/abs/1703.09859.pdf
arXiv:1703.09856	Automatic Detection of Knee Joints and Quantification of Knee  Osteoarthritis Severity using Convolutional Neural Networks	https://arxiv.org/pdf/1703.09856.pdf	Joseph Antony, Kevin McGuinness, Kieran Moran, Noel E O'Connor	https://arxiv.org/find/cs/1/au:+Antony_J/0/1/0/all/0/1,https://arxiv.org/find/cs/1/au:+McGuinness_K/0/1/0/all/0/1,https://arxiv.org/find/cs/1/au:+Moran_K/0/1/0/all/0/1,https://arxiv.org/find/cs/1/au:+OConnor_N/0/1/0/all/0/1	Computer Vision and Pattern Recognition (cs.CV)	https://arxiv.org/abs/1703.09856.pdf
arXiv:1703.09793	Deceiving Google's Cloud Video Intelligence API Built for Summarizing  Videos	https://arxiv.org/pdf/1703.09793.pdf	Hossein Hosseini, Baicen Xiao, Radha Poovendran	https://arxiv.org/find/cs/1/au:+Hosseini_H/0/1/0/all/0/1,https://arxiv.org/find/cs/1/au:+Xiao_B/0/1/0/all/0/1,https://arxiv.org/find/cs/1/au:+Poovendran_R/0/1/0/all/0/1	Computer Vision and Pattern Recognition (cs.CV)	https://arxiv.org/abs/1703.09793.pdf
arXiv:1703.09788	ProcNets: Learning to Segment Procedures in Untrimmed and Unconstrained  Videos	https://arxiv.org/pdf/1703.09788.pdf	Luowei Zhou, Chenliang Xu, Jason J. Corso	https://arxiv.org/find/cs/1/au:+Zhou_L/0/1/0/all/0/1,https://arxiv.org/find/cs/1/au:+Xu_C/0/1/0/all/0/1,https://arxiv.org/find/cs/1/au:+Corso_J/0/1/0/all/0/1	Computer Vision and Pattern Recognition (cs.CV)	https://arxiv.org/abs/1703.09788.pdf
arXiv:1703.09784	Perception Driven Texture Generation	https://arxiv.org/pdf/1703.09784.pdf	Yanhai Gan, Huifang Chi, Ying Gao, Jun Liu, Guoqiang Zhong, Junyu Dong	https://arxiv.org/find/cs/1/au:+Gan_Y/0/1/0/all/0/1,https://arxiv.org/find/cs/1/au:+Chi_H/0/1/0/all/0/1,https://arxiv.org/find/cs/1/au:+Gao_Y/0/1/0/all/0/1,https://arxiv.org/find/cs/1/au:+Liu_J/0/1/0/all/0/1,https://arxiv.org/find/cs/1/au:+Zhong_G/0/1/0/all/0/1,https://arxiv.org/find/cs/1/au:+Dong_J/0/1/0/all/0/1	Computer Vision and Pattern Recognition (cs.CV)	https://arxiv.org/abs/1703.09784.pdf
arXiv:1703.09783	Two-Stream RNN/CNN for Action Recognition in 3D Videos	https://arxiv.org/pdf/1703.09783.pdf	Rui Zhao, Haider Ali, Patrick van der Smagt	https://arxiv.org/find/cs/1/au:+Zhao_R/0/1/0/all/0/1,https://arxiv.org/find/cs/1/au:+Ali_H/0/1/0/all/0/1,https://arxiv.org/find/cs/1/au:+Smagt_P/0/1/0/all/0/1	Computer Vision and Pattern Recognition (cs.CV)	https://arxiv.org/abs/1703.09783.pdf
arXiv:1703.09779	A Holistic Approach for Optimizing DSP Block Utilization of a CNN  implementation on FPGA	https://arxiv.org/pdf/1703.09779.pdf	Kamel Abdelouahab, Cedric Bourrasset, Maxime Pelcat, François Berry, Jean-Charles Quinton, Jocelyn Serot	https://arxiv.org/find/cs/1/au:+Abdelouahab_K/0/1/0/all/0/1,https://arxiv.org/find/cs/1/au:+Bourrasset_C/0/1/0/all/0/1,https://arxiv.org/find/cs/1/au:+Pelcat_M/0/1/0/all/0/1,https://arxiv.org/find/cs/1/au:+Berry_F/0/1/0/all/0/1,https://arxiv.org/find/cs/1/au:+Quinton_J/0/1/0/all/0/1,https://arxiv.org/find/cs/1/au:+Serot_J/0/1/0/all/0/1	Computer Vision and Pattern Recognition (cs.CV)	https://arxiv.org/abs/1703.09779.pdf
arXiv:1703.09778	INTEL-TUT Dataset for Camera Invariant Color Constancy Research	https://arxiv.org/pdf/1703.09778.pdf	Caglar Aytekin, Jarno Nikkanen, Moncef Gabbouj	https://arxiv.org/find/cs/1/au:+Aytekin_C/0/1/0/all/0/1,https://arxiv.org/find/cs/1/au:+Nikkanen_J/0/1/0/all/0/1,https://arxiv.org/find/cs/1/au:+Gabbouj_M/0/1/0/all/0/1	Computer Vision and Pattern Recognition (cs.CV)	https://arxiv.org/abs/1703.09778.pdf
arXiv:1703.09771	Deep 6-DOF Tracking	https://arxiv.org/pdf/1703.09771.pdf	Mathieu Garon, Jean-François Lalonde	https://arxiv.org/find/cs/1/au:+Garon_M/0/1/0/all/0/1,https://arxiv.org/find/cs/1/au:+Lalonde_J/0/1/0/all/0/1	Computer Vision and Pattern Recognition (cs.CV)	https://arxiv.org/abs/1703.09771.pdf
arXiv:1703.09746	Coordinating Filters for Faster Deep Neural Networks	https://arxiv.org/pdf/1703.09746.pdf	Wei Wen, Cong Xu, Chunpeng Wu, Yandan Wang, Yiran Chen, Hai Li	https://arxiv.org/find/cs/1/au:+Wen_W/0/1/0/all/0/1,https://arxiv.org/find/cs/1/au:+Xu_C/0/1/0/all/0/1,https://arxiv.org/find/cs/1/au:+Wu_C/0/1/0/all/0/1,https://arxiv.org/find/cs/1/au:+Wang_Y/0/1/0/all/0/1,https://arxiv.org/find/cs/1/au:+Chen_Y/0/1/0/all/0/1,https://arxiv.org/find/cs/1/au:+Li_H/0/1/0/all/0/1	Computer Vision and Pattern Recognition (cs.CV)	https://arxiv.org/abs/1703.09746.pdf
arXiv:1703.09744	Feature Analysis and Selection for Training an End-to-End Autonomous  Vehicle Controller Using the Deep Learning Approach	https://arxiv.org/pdf/1703.09744.pdf	Shun Yang, Wenshuo Wang, Chang Liu, Kevin Deng, J. Karl Hedrick	https://arxiv.org/find/cs/1/au:+Yang_S/0/1/0/all/0/1,https://arxiv.org/find/cs/1/au:+Wang_W/0/1/0/all/0/1,https://arxiv.org/find/cs/1/au:+Liu_C/0/1/0/all/0/1,https://arxiv.org/find/cs/1/au:+Deng_K/0/1/0/all/0/1,https://arxiv.org/find/cs/1/au:+Hedrick_J/0/1/0/all/0/1	Computer Vision and Pattern Recognition (cs.CV)	https://arxiv.org/abs/1703.09744.pdf
arXiv:1703.09725	An Epipolar Line from a Single Pixel	https://arxiv.org/pdf/1703.09725.pdf	Tavi Halperin, Michael Werman	https://arxiv.org/find/cs/1/au:+Halperin_T/0/1/0/all/0/1,https://arxiv.org/find/cs/1/au:+Werman_M/0/1/0/all/0/1	Computer Vision and Pattern Recognition (cs.CV)	https://arxiv.org/abs/1703.09725.pdf
arXiv:1703.09833	Theory II: Landscape of the Empirical Risk in Deep Learning	https://arxiv.org/pdf/1703.09833.pdf	Tomaso Poggio, Qianli Liao	https://arxiv.org/find/cs/1/au:+Poggio_T/0/1/0/all/0/1,https://arxiv.org/find/cs/1/au:+Liao_Q/0/1/0/all/0/1	Learning (cs.LG)	https://arxiv.org/abs/1703.09833.pdf
arXiv:1703.09695	Semi and Weakly Supervised Semantic Segmentation Using Generative  Adversarial Network	https://arxiv.org/pdf/1703.09695.pdf	Nasim Souly, Concetto Spampinato, Mubarak Shah	https://arxiv.org/find/cs/1/au:+Souly_N/0/1/0/all/0/1,https://arxiv.org/find/cs/1/au:+Spampinato_C/0/1/0/all/0/1,https://arxiv.org/find/cs/1/au:+Shah_M/0/1/0/all/0/1	Computer Vision and Pattern Recognition (cs.CV)	https://arxiv.org/abs/1703.09695.pdf
arXiv:1703.09690	Efficient Two-Dimensional Sparse Coding Using Tensor-Linear Combination	https://arxiv.org/pdf/1703.09690.pdf	Fei Jiang, Xiao-Yang Liu, Hongtao Lu, Ruimin Shen	https://arxiv.org/find/cs/1/au:+Jiang_F/0/1/0/all/0/1,https://arxiv.org/find/cs/1/au:+Liu_X/0/1/0/all/0/1,https://arxiv.org/find/cs/1/au:+Lu_H/0/1/0/all/0/1,https://arxiv.org/find/cs/1/au:+Shen_R/0/1/0/all/0/1	Computer Vision and Pattern Recognition (cs.CV)	https://arxiv.org/abs/1703.09690.pdf
arXiv:1703.09684	An Analysis of Visual Question Answering Algorithms	https://arxiv.org/pdf/1703.09684.pdf	Kushal Kafle, Christopher Kanan	https://arxiv.org/find/cs/1/au:+Kafle_K/0/1/0/all/0/1,https://arxiv.org/find/cs/1/au:+Kanan_C/0/1/0/all/0/1	Computer Vision and Pattern Recognition (cs.CV)	https://arxiv.org/abs/1703.09684.pdf
arXiv:1703.09625	Learning and Refining of Privileged Information-based RNNs for Action  Recognition from Depth Sequences	https://arxiv.org/pdf/1703.09625.pdf	Zhiyuan Shi, Tae-Kyun Kim	https://arxiv.org/find/cs/1/au:+Shi_Z/0/1/0/all/0/1,https://arxiv.org/find/cs/1/au:+Kim_T/0/1/0/all/0/1	Computer Vision and Pattern Recognition (cs.CV)	https://arxiv.org/abs/1703.09625.pdf
arXiv:1703.09554	Lucid Data Dreaming for Object Tracking	https://arxiv.org/pdf/1703.09554.pdf	Anna Khoreva, Rodrigo Benenson, Eddy Ilg, Thomas Brox, Bernt Schiele	https://arxiv.org/find/cs/1/au:+Khoreva_A/0/1/0/all/0/1,https://arxiv.org/find/cs/1/au:+Benenson_R/0/1/0/all/0/1,https://arxiv.org/find/cs/1/au:+Ilg_E/0/1/0/all/0/1,https://arxiv.org/find/cs/1/au:+Brox_T/0/1/0/all/0/1,https://arxiv.org/find/cs/1/au:+Schiele_B/0/1/0/all/0/1	Computer Vision and Pattern Recognition (cs.CV)	https://arxiv.org/abs/1703.09554.pdf
arXiv:1703.09550	Important New Developments in Arabographic Optical Character Recognition  (OCR)	https://arxiv.org/pdf/1703.09550.pdf	Maxim Romanov, Matthew Thomas Miller, Sarah Bowen Savant, Benjamin Kiessling	https://arxiv.org/find/cs/1/au:+Romanov_M/0/1/0/all/0/1,https://arxiv.org/find/cs/1/au:+Miller_M/0/1/0/all/0/1,https://arxiv.org/find/cs/1/au:+Savant_S/0/1/0/all/0/1,https://arxiv.org/find/cs/1/au:+Kiessling_B/0/1/0/all/0/1	Computer Vision and Pattern Recognition (cs.CV)	https://arxiv.org/abs/1703.09550.pdf
arXiv:1703.09529	Objects as context for part detection	https://arxiv.org/pdf/1703.09529.pdf	Abel Gonzalez-Garcia, Davide Modolo, Vittorio Ferrari	https://arxiv.org/find/cs/1/au:+Gonzalez_Garcia_A/0/1/0/all/0/1,https://arxiv.org/find/cs/1/au:+Modolo_D/0/1/0/all/0/1,https://arxiv.org/find/cs/1/au:+Ferrari_V/0/1/0/all/0/1	Computer Vision and Pattern Recognition (cs.CV)	https://arxiv.org/abs/1703.09529.pdf
arXiv:1703.09507	L2-constrained Softmax Loss for Discriminative Face Verification	https://arxiv.org/pdf/1703.09507.pdf	Rajeev Ranjan, Carlos D. Castillo, Rama Chellappa	https://arxiv.org/find/cs/1/au:+Ranjan_R/0/1/0/all/0/1,https://arxiv.org/find/cs/1/au:+Castillo_C/0/1/0/all/0/1,https://arxiv.org/find/cs/1/au:+Chellappa_R/0/1/0/all/0/1	Computer Vision and Pattern Recognition (cs.CV)	https://arxiv.org/abs/1703.09507.pdf
arXiv:1703.09499	Locally Preserving Projection on Symmetric Positive Definite Matrix Lie  Group	https://arxiv.org/pdf/1703.09499.pdf	Yangyang Li, Ruqian Lu	https://arxiv.org/find/cs/1/au:+Li_Y/0/1/0/all/0/1,https://arxiv.org/find/cs/1/au:+Lu_R/0/1/0/all/0/1	Computer Vision and Pattern Recognition (cs.CV)	https://arxiv.org/abs/1703.09499.pdf
arXiv:1703.09474	Robust Depth-based Person Re-identification	https://arxiv.org/pdf/1703.09474.pdf	Ancong Wu, Wei-Shi Zheng, Jianhuang Lai	https://arxiv.org/find/cs/1/au:+Wu_A/0/1/0/all/0/1,https://arxiv.org/find/cs/1/au:+Zheng_W/0/1/0/all/0/1,https://arxiv.org/find/cs/1/au:+Lai_J/0/1/0/all/0/1	Computer Vision and Pattern Recognition (cs.CV)	https://arxiv.org/abs/1703.09474.pdf
arXiv:1703.09471	Adversarial Image Perturbation for Privacy Protection -- A Game Theory  Perspective	https://arxiv.org/pdf/1703.09471.pdf	Seong Joon Oh, Mario Fritz, Bernt Schiele	https://arxiv.org/find/cs/1/au:+Oh_S/0/1/0/all/0/1,https://arxiv.org/find/cs/1/au:+Fritz_M/0/1/0/all/0/1,https://arxiv.org/find/cs/1/au:+Schiele_B/0/1/0/all/0/1	Computer Vision and Pattern Recognition (cs.CV)	https://arxiv.org/abs/1703.09471.pdf
arXiv:1703.09470	Learned Spectral Super-Resolution	https://arxiv.org/pdf/1703.09470.pdf	Silvano Galliani, Charis Lanaras, Dimitrios Marmanis, Emmanuel Baltsavias, Konrad Schindler	https://arxiv.org/find/cs/1/au:+Galliani_S/0/1/0/all/0/1,https://arxiv.org/find/cs/1/au:+Lanaras_C/0/1/0/all/0/1,https://arxiv.org/find/cs/1/au:+Marmanis_D/0/1/0/all/0/1,https://arxiv.org/find/cs/1/au:+Baltsavias_E/0/1/0/all/0/1,https://arxiv.org/find/cs/1/au:+Schindler_K/0/1/0/all/0/1	Computer Vision and Pattern Recognition (cs.CV)	https://arxiv.org/abs/1703.09470.pdf
arXiv:1703.09438	Octree Generating Networks: Efficient Convolutional Architectures for  High-resolution 3D Outputs	https://arxiv.org/pdf/1703.09438.pdf	Maxim Tatarchenko, Alexey Dosovitskiy, Thomas Brox	https://arxiv.org/find/cs/1/au:+Tatarchenko_M/0/1/0/all/0/1,https://arxiv.org/find/cs/1/au:+Dosovitskiy_A/0/1/0/all/0/1,https://arxiv.org/find/cs/1/au:+Brox_T/0/1/0/all/0/1	Computer Vision and Pattern Recognition (cs.CV)	https://arxiv.org/abs/1703.09438.pdf
arXiv:1703.09436	Evaluation of Classifiers for Image Segmentation: Applications for  Eucalypt Forest Inventory	https://arxiv.org/pdf/1703.09436.pdf	Rodrigo M. Ferreira, Ricardo M. Marcacini	https://arxiv.org/find/cs/1/au:+Ferreira_R/0/1/0/all/0/1,https://arxiv.org/find/cs/1/au:+Marcacini_R/0/1/0/all/0/1	Computer Vision and Pattern Recognition (cs.CV)	https://arxiv.org/abs/1703.09436.pdf
arXiv:1703.09393	Mixture of Counting CNNs: Adaptive Integration of CNNs Specialized to  Specific Appearance for Crowd Counting	https://arxiv.org/pdf/1703.09393.pdf	Shohei Kumagai, Kazuhiro Hotta, Takio Kurita	https://arxiv.org/find/cs/1/au:+Kumagai_S/0/1/0/all/0/1,https://arxiv.org/find/cs/1/au:+Hotta_K/0/1/0/all/0/1,https://arxiv.org/find/cs/1/au:+Kurita_T/0/1/0/all/0/1	Computer Vision and Pattern Recognition (cs.CV)	https://arxiv.org/abs/1703.09393.pdf
arXiv:1703.09379	Robust Guided Image Filtering	https://arxiv.org/pdf/1703.09379.pdf	Wei Liu, Xiaogang Chen, Chunhua Shen, Jingyi Yu, Qiang Wu, Jie Yang	https://arxiv.org/find/cs/1/au:+Liu_W/0/1/0/all/0/1,https://arxiv.org/find/cs/1/au:+Chen_X/0/1/0/all/0/1,https://arxiv.org/find/cs/1/au:+Shen_C/0/1/0/all/0/1,https://arxiv.org/find/cs/1/au:+Yu_J/0/1/0/all/0/1,https://arxiv.org/find/cs/1/au:+Wu_Q/0/1/0/all/0/1,https://arxiv.org/find/cs/1/au:+Yang_J/0/1/0/all/0/1	Computer Vision and Pattern Recognition (cs.CV)	https://arxiv.org/abs/1703.09379.pdf
arXiv:1703.09342	Graph Regularized Tensor Sparse Coding for Image Representation	https://arxiv.org/pdf/1703.09342.pdf	Fei Jiang, Xiao-Yang Liu, Hongtao Lu, Ruimin Shen	https://arxiv.org/find/cs/1/au:+Jiang_F/0/1/0/all/0/1,https://arxiv.org/find/cs/1/au:+Liu_X/0/1/0/all/0/1,https://arxiv.org/find/cs/1/au:+Lu_H/0/1/0/all/0/1,https://arxiv.org/find/cs/1/au:+Shen_R/0/1/0/all/0/1	Computer Vision and Pattern Recognition (cs.CV)	https://arxiv.org/abs/1703.09342.pdf
arXiv:1703.09296	Femoral ROIs and Entropy for Texture-based Detection of Osteoarthritis  from High-Resolution Knee Radiographs	https://arxiv.org/pdf/1703.09296.pdf	Jiří Hladůvka, Bui Thi Mai Phuong, Richard Ljuhar, Davul Ljuhar, Ana M Rodrigues, Jaime C Branco, Helena Canhão	https://arxiv.org/find/cs/1/au:+Hlad%5Cr%7Bu%7Dvka_J/0/1/0/all/0/1,https://arxiv.org/find/cs/1/au:+Phuong_B/0/1/0/all/0/1,https://arxiv.org/find/cs/1/au:+Ljuhar_R/0/1/0/all/0/1,https://arxiv.org/find/cs/1/au:+Ljuhar_D/0/1/0/all/0/1,https://arxiv.org/find/cs/1/au:+Rodrigues_A/0/1/0/all/0/1,https://arxiv.org/find/cs/1/au:+Branco_J/0/1/0/all/0/1,https://arxiv.org/find/cs/1/au:+Canhao_H/0/1/0/all/0/1	Computer Vision and Pattern Recognition (cs.CV)	https://arxiv.org/abs/1703.09296.pdf
arXiv:1703.09245	Discriminative Transfer Learning for General Image Restoration	https://arxiv.org/pdf/1703.09245.pdf	Lei Xiao, Felix Heide, Wolfgang Heidrich, Bernhard Schölkopf, Michael Hirsch	https://arxiv.org/find/cs/1/au:+Xiao_L/0/1/0/all/0/1,https://arxiv.org/find/cs/1/au:+Heide_F/0/1/0/all/0/1,https://arxiv.org/find/cs/1/au:+Heidrich_W/0/1/0/all/0/1,https://arxiv.org/find/cs/1/au:+Scholkopf_B/0/1/0/all/0/1,https://arxiv.org/find/cs/1/au:+Hirsch_M/0/1/0/all/0/1	Computer Vision and Pattern Recognition (cs.CV)	https://arxiv.org/abs/1703.09245.pdf
arXiv:1703.09387	Adversarial Transformation Networks: Learning to Generate Adversarial  Examples	https://arxiv.org/pdf/1703.09387.pdf	Shumeet Baluja, Ian Fischer	https://arxiv.org/find/cs/1/au:+Baluja_S/0/1/0/all/0/1,https://arxiv.org/find/cs/1/au:+Fischer_I/0/1/0/all/0/1	Neural and Evolutionary Computing (cs.NE)	https://arxiv.org/abs/1703.09387.pdf
arXiv:1703.09370	Ensembles of Deep LSTM Learners for Activity Recognition using Wearables	https://arxiv.org/pdf/1703.09370.pdf	Yu Guan, Thomas Ploetz	https://arxiv.org/find/cs/1/au:+Guan_Y/0/1/0/all/0/1,https://arxiv.org/find/cs/1/au:+Ploetz_T/0/1/0/all/0/1	Learning (cs.LG)	https://arxiv.org/abs/1703.09370.pdf
arXiv:1703.09211	Coherent Online Video Style Transfer	https://arxiv.org/pdf/1703.09211.pdf	Dongdong Chen, Jing Liao, Lu Yuan, Nenghai Yu, Gang Hua	https://arxiv.org/find/cs/1/au:+Chen_D/0/1/0/all/0/1,https://arxiv.org/find/cs/1/au:+Liao_J/0/1/0/all/0/1,https://arxiv.org/find/cs/1/au:+Yuan_L/0/1/0/all/0/1,https://arxiv.org/find/cs/1/au:+Yu_N/0/1/0/all/0/1,https://arxiv.org/find/cs/1/au:+Hua_G/0/1/0/all/0/1	Computer Vision and Pattern Recognition (cs.CV)	https://arxiv.org/abs/1703.09211.pdf
arXiv:1703.09210	StyleBank: An Explicit Representation for Neural Image Style Transfer	https://arxiv.org/pdf/1703.09210.pdf	Dongdong Chen, Lu Yuan, Jing Liao, Nenghai Yu, Gang Hua	https://arxiv.org/find/cs/1/au:+Chen_D/0/1/0/all/0/1,https://arxiv.org/find/cs/1/au:+Yuan_L/0/1/0/all/0/1,https://arxiv.org/find/cs/1/au:+Liao_J/0/1/0/all/0/1,https://arxiv.org/find/cs/1/au:+Yu_N/0/1/0/all/0/1,https://arxiv.org/find/cs/1/au:+Hua_G/0/1/0/all/0/1	Computer Vision and Pattern Recognition (cs.CV)	https://arxiv.org/abs/1703.09210.pdf
arXiv:1703.09200	Deep Poincare Map For Robust Medical Image Segmentation	https://arxiv.org/pdf/1703.09200.pdf	Yuanhan Mo, Fangde Liu, Jingqing Zhang, Guang Yang, Taigang He, Yike Guo	https://arxiv.org/find/cs/1/au:+Mo_Y/0/1/0/all/0/1,https://arxiv.org/find/cs/1/au:+Liu_F/0/1/0/all/0/1,https://arxiv.org/find/cs/1/au:+Zhang_J/0/1/0/all/0/1,https://arxiv.org/find/cs/1/au:+Yang_G/0/1/0/all/0/1,https://arxiv.org/find/cs/1/au:+He_T/0/1/0/all/0/1,https://arxiv.org/find/cs/1/au:+Guo_Y/0/1/0/all/0/1	Computer Vision and Pattern Recognition (cs.CV)	https://arxiv.org/abs/1703.09200.pdf
arXiv:1703.09199	Introduction To The Monogenic Signal	https://arxiv.org/pdf/1703.09199.pdf	Christopher P. Bridge	https://arxiv.org/find/cs/1/au:+Bridge_C/0/1/0/all/0/1	Computer Vision and Pattern Recognition (cs.CV)	https://arxiv.org/abs/1703.09199.pdf
arXiv:1703.09179	Transfer learning for music classification and regression tasks	https://arxiv.org/pdf/1703.09179.pdf	Keunwoo Choi, György Fazekas, Mark Sandler, Kyunghyun Cho	https://arxiv.org/find/cs/1/au:+Choi_K/0/1/0/all/0/1,https://arxiv.org/find/cs/1/au:+Fazekas_G/0/1/0/all/0/1,https://arxiv.org/find/cs/1/au:+Sandler_M/0/1/0/all/0/1,https://arxiv.org/find/cs/1/au:+Cho_K/0/1/0/all/0/1	Computer Vision and Pattern Recognition (cs.CV)	https://arxiv.org/abs/1703.09179.pdf
arXiv:1703.09167	A Study on the Extraction and Analysis of a Large Set of Eye Movement  Features during Reading	https://arxiv.org/pdf/1703.09167.pdf	Ioannis Rigas, Lee Friedman, Oleg Komogortsev	https://arxiv.org/find/cs/1/au:+Rigas_I/0/1/0/all/0/1,https://arxiv.org/find/cs/1/au:+Friedman_L/0/1/0/all/0/1,https://arxiv.org/find/cs/1/au:+Komogortsev_O/0/1/0/all/0/1	Computer Vision and Pattern Recognition (cs.CV)	https://arxiv.org/abs/1703.09167.pdf
arXiv:1703.09157	Reweighted Infrared Patch-Tensor Model With Both Non-Local and Local  Priors for Single-Frame Small Target Detection	https://arxiv.org/pdf/1703.09157.pdf	Yimian Dai, Yiquan Wu	https://arxiv.org/find/cs/1/au:+Dai_Y/0/1/0/all/0/1,https://arxiv.org/find/cs/1/au:+Wu_Y/0/1/0/all/0/1	Computer Vision and Pattern Recognition (cs.CV)	https://arxiv.org/abs/1703.09157.pdf
arXiv:1703.09145	Multi-Path Region-Based Convolutional Neural Network for Accurate  Detection of Unconstrained "Hard Faces"	https://arxiv.org/pdf/1703.09145.pdf	Yuguang Liu, Martin D. Levine	https://arxiv.org/find/cs/1/au:+Liu_Y/0/1/0/all/0/1,https://arxiv.org/find/cs/1/au:+Levine_M/0/1/0/all/0/1	Computer Vision and Pattern Recognition (cs.CV)	https://arxiv.org/abs/1703.09145.pdf
arXiv:1703.09076	Active Convolution: Learning the Shape of Convolution for Image  Classification	https://arxiv.org/pdf/1703.09076.pdf	Yunho Jeon, Junmo Kim	https://arxiv.org/find/cs/1/au:+Jeon_Y/0/1/0/all/0/1,https://arxiv.org/find/cs/1/au:+Kim_J/0/1/0/all/0/1	Computer Vision and Pattern Recognition (cs.CV)	https://arxiv.org/abs/1703.09076.pdf
arXiv:1703.09039	Efficient Processing of Deep Neural Networks: A Tutorial and Survey	https://arxiv.org/pdf/1703.09039.pdf	Vivienne Sze, Yu-Hsin Chen, Tien-Ju Yang, Joel Emer	https://arxiv.org/find/cs/1/au:+Sze_V/0/1/0/all/0/1,https://arxiv.org/find/cs/1/au:+Chen_Y/0/1/0/all/0/1,https://arxiv.org/find/cs/1/au:+Yang_T/0/1/0/all/0/1,https://arxiv.org/find/cs/1/au:+Emer_J/0/1/0/all/0/1	Computer Vision and Pattern Recognition (cs.CV)	https://arxiv.org/abs/1703.09039.pdf
arXiv:1703.09026	Trespassing the Boundaries: Labeling Temporal Bounds for Object  Interactions in Egocentric Video	https://arxiv.org/pdf/1703.09026.pdf	Davide Moltisanti, Michael Wray, Walterio Mayol-Cuevas, Dima Damen	https://arxiv.org/find/cs/1/au:+Moltisanti_D/0/1/0/all/0/1,https://arxiv.org/find/cs/1/au:+Wray_M/0/1/0/all/0/1,https://arxiv.org/find/cs/1/au:+Mayol_Cuevas_W/0/1/0/all/0/1,https://arxiv.org/find/cs/1/au:+Damen_D/0/1/0/all/0/1	Computer Vision and Pattern Recognition (cs.CV)	https://arxiv.org/abs/1703.09026.pdf
arXiv:1703.08987	Simultaneous Perception and Path Generation Using Fully Convolutional  Neural Networks	https://arxiv.org/pdf/1703.08987.pdf	Luca Caltagirone, Mauro Bellone, Lennart Svensson, Mattias Wahde	https://arxiv.org/find/cs/1/au:+Caltagirone_L/0/1/0/all/0/1,https://arxiv.org/find/cs/1/au:+Bellone_M/0/1/0/all/0/1,https://arxiv.org/find/cs/1/au:+Svensson_L/0/1/0/all/0/1,https://arxiv.org/find/cs/1/au:+Wahde_M/0/1/0/all/0/1	Computer Vision and Pattern Recognition (cs.CV)	https://arxiv.org/abs/1703.08987.pdf
arXiv:1703.08966	Mastering Sketching: Adversarial Augmentation for Structured Prediction	https://arxiv.org/pdf/1703.08966.pdf	Edgar Simo-Serra, Satoshi Iizuka, Hiroshi Ishikawa	https://arxiv.org/find/cs/1/au:+Simo_Serra_E/0/1/0/all/0/1,https://arxiv.org/find/cs/1/au:+Iizuka_S/0/1/0/all/0/1,https://arxiv.org/find/cs/1/au:+Ishikawa_H/0/1/0/all/0/1	Computer Vision and Pattern Recognition (cs.CV)	https://arxiv.org/abs/1703.08966.pdf
arXiv:1703.08961	Scaling the Scattering Transform: Deep Hybrid Networks	https://arxiv.org/pdf/1703.08961.pdf	Edouard Oyallon (DI-ENS), Eugene Belilovsky (CVN, GALEN), Sergey Zagoruyko (ENPC)	https://arxiv.org/find/cs/1/au:+Oyallon_E/0/1/0/all/0/1,https://arxiv.org/find/cs/1/au:+Belilovsky_E/0/1/0/all/0/1,https://arxiv.org/find/cs/1/au:+Zagoruyko_S/0/1/0/all/0/1	Computer Vision and Pattern Recognition (cs.CV)	https://arxiv.org/abs/1703.08961.pdf
arXiv:1703.08919	MIHash: Online Hashing with Mutual Information	https://arxiv.org/pdf/1703.08919.pdf	Fatih Cakir, Kun He, Sarah Adel Bargal, Stan Sclaroff	https://arxiv.org/find/cs/1/au:+Cakir_F/0/1/0/all/0/1,https://arxiv.org/find/cs/1/au:+He_K/0/1/0/all/0/1,https://arxiv.org/find/cs/1/au:+Bargal_S/0/1/0/all/0/1,https://arxiv.org/find/cs/1/au:+Sclaroff_S/0/1/0/all/0/1	Computer Vision and Pattern Recognition (cs.CV)	https://arxiv.org/abs/1703.08919.pdf
arXiv:1703.08917	A Visual Measure of Changes to Weighted Self-Organizing Map Patterns	https://arxiv.org/pdf/1703.08917.pdf	Younjin Chung, Joachim Gudmundsson, Masahiro Takatsuka	https://arxiv.org/find/cs/1/au:+Chung_Y/0/1/0/all/0/1,https://arxiv.org/find/cs/1/au:+Gudmundsson_J/0/1/0/all/0/1,https://arxiv.org/find/cs/1/au:+Takatsuka_M/0/1/0/all/0/1	Computer Vision and Pattern Recognition (cs.CV)	https://arxiv.org/abs/1703.08917.pdf
arXiv:1703.08912	Exploiting Color Name Space for Salient Object Detection	https://arxiv.org/pdf/1703.08912.pdf	Jing Lou, Huan Wang, Longtao Chen, Qingyuan Xia, Wei Zhu, Mingwu Ren	https://arxiv.org/find/cs/1/au:+Lou_J/0/1/0/all/0/1,https://arxiv.org/find/cs/1/au:+Wang_H/0/1/0/all/0/1,https://arxiv.org/find/cs/1/au:+Chen_L/0/1/0/all/0/1,https://arxiv.org/find/cs/1/au:+Xia_Q/0/1/0/all/0/1,https://arxiv.org/find/cs/1/au:+Zhu_W/0/1/0/all/0/1,https://arxiv.org/find/cs/1/au:+Ren_M/0/1/0/all/0/1	Computer Vision and Pattern Recognition (cs.CV)	https://arxiv.org/abs/1703.08912.pdf
arXiv:1703.08897	Transductive Zero-Shot Learning with Adaptive Structural Embedding	https://arxiv.org/pdf/1703.08897.pdf	Yunlong Yu, Zhong Ji, Jichang Guo, Yanwei Pang	https://arxiv.org/find/cs/1/au:+Yu_Y/0/1/0/all/0/1,https://arxiv.org/find/cs/1/au:+Ji_Z/0/1/0/all/0/1,https://arxiv.org/find/cs/1/au:+Guo_J/0/1/0/all/0/1,https://arxiv.org/find/cs/1/au:+Pang_Y/0/1/0/all/0/1	Computer Vision and Pattern Recognition (cs.CV)	https://arxiv.org/abs/1703.08897.pdf
arXiv:1703.08893	Transductive Zero-Shot Learning with a Self-training dictionary approach	https://arxiv.org/pdf/1703.08893.pdf	Yunlong Yu, Zhong Ji, Xi Li, Jichang Guo, Zhongfei Zhang, Haibin Ling, Fei Wu	https://arxiv.org/find/cs/1/au:+Yu_Y/0/1/0/all/0/1,https://arxiv.org/find/cs/1/au:+Ji_Z/0/1/0/all/0/1,https://arxiv.org/find/cs/1/au:+Li_X/0/1/0/all/0/1,https://arxiv.org/find/cs/1/au:+Guo_J/0/1/0/all/0/1,https://arxiv.org/find/cs/1/au:+Zhang_Z/0/1/0/all/0/1,https://arxiv.org/find/cs/1/au:+Ling_H/0/1/0/all/0/1,https://arxiv.org/find/cs/1/au:+Wu_F/0/1/0/all/0/1	Computer Vision and Pattern Recognition (cs.CV)	https://arxiv.org/abs/1703.08893.pdf
arXiv:1703.08866	Multi-View Deep Learning for Consistent Semantic Mapping with RGB-D  Cameras	https://arxiv.org/pdf/1703.08866.pdf	Lingni Ma, Jörg Stückler, Christian Kerl, Daniel Cremers	https://arxiv.org/find/cs/1/au:+Ma_L/0/1/0/all/0/1,https://arxiv.org/find/cs/1/au:+Stuckler_J/0/1/0/all/0/1,https://arxiv.org/find/cs/1/au:+Kerl_C/0/1/0/all/0/1,https://arxiv.org/find/cs/1/au:+Cremers_D/0/1/0/all/0/1	Computer Vision and Pattern Recognition (cs.CV)	https://arxiv.org/abs/1703.08866.pdf
arXiv:1703.08837	Person Re-Identification by Camera Correlation Aware Feature  Augmentation	https://arxiv.org/pdf/1703.08837.pdf	Ying-Cong Chen, Xiatian Zhu, Wei-Shi Zheng, Jian-Huang Lai	https://arxiv.org/find/cs/1/au:+Chen_Y/0/1/0/all/0/1,https://arxiv.org/find/cs/1/au:+Zhu_X/0/1/0/all/0/1,https://arxiv.org/find/cs/1/au:+Zheng_W/0/1/0/all/0/1,https://arxiv.org/find/cs/1/au:+Lai_J/0/1/0/all/0/1	Computer Vision and Pattern Recognition (cs.CV)	https://arxiv.org/abs/1703.08837.pdf
arXiv:1703.08836	Learned multi-patch similarity	https://arxiv.org/pdf/1703.08836.pdf	Wilfried Hartmann, Silvano Galliani, Michal Havlena, Konrad Schindler, Luc Van Gool	https://arxiv.org/find/cs/1/au:+Hartmann_W/0/1/0/all/0/1,https://arxiv.org/find/cs/1/au:+Galliani_S/0/1/0/all/0/1,https://arxiv.org/find/cs/1/au:+Havlena_M/0/1/0/all/0/1,https://arxiv.org/find/cs/1/au:+Schindler_K/0/1/0/all/0/1,https://arxiv.org/find/cs/1/au:+Gool_L/0/1/0/all/0/1	Computer Vision and Pattern Recognition (cs.CV)	https://arxiv.org/abs/1703.08836.pdf
arXiv:1703.08770	SCAN: Structure Correcting Adversarial Network for Chest X-rays Organ  Segmentation	https://arxiv.org/pdf/1703.08770.pdf	Wei Dai, Joseph Doyle, Xiaodan Liang, Hao Zhang, Nanqing Dong, Yuan Li, Eric P. Xing	https://arxiv.org/find/cs/1/au:+Dai_W/0/1/0/all/0/1,https://arxiv.org/find/cs/1/au:+Doyle_J/0/1/0/all/0/1,https://arxiv.org/find/cs/1/au:+Liang_X/0/1/0/all/0/1,https://arxiv.org/find/cs/1/au:+Zhang_H/0/1/0/all/0/1,https://arxiv.org/find/cs/1/au:+Dong_N/0/1/0/all/0/1,https://arxiv.org/find/cs/1/au:+Li_Y/0/1/0/all/0/1,https://arxiv.org/find/cs/1/au:+Xing_E/0/1/0/all/0/1	Computer Vision and Pattern Recognition (cs.CV)	https://arxiv.org/abs/1703.08770.pdf
arXiv:1703.08769	Open Vocabulary Scene Parsing	https://arxiv.org/pdf/1703.08769.pdf	Hang Zhao, Xavier Puig, Bolei Zhou, Sanja Fidler, Antonio Torralba	https://arxiv.org/find/cs/1/au:+Zhao_H/0/1/0/all/0/1,https://arxiv.org/find/cs/1/au:+Puig_X/0/1/0/all/0/1,https://arxiv.org/find/cs/1/au:+Zhou_B/0/1/0/all/0/1,https://arxiv.org/find/cs/1/au:+Fidler_S/0/1/0/all/0/1,https://arxiv.org/find/cs/1/au:+Torralba_A/0/1/0/all/0/1	Computer Vision and Pattern Recognition (cs.CV)	https://arxiv.org/abs/1703.08769.pdf
arXiv:1703.08764	Structured Learning of Tree Potentials in CRF for Image Segmentation	https://arxiv.org/pdf/1703.08764.pdf	Fayao Liu, Guosheng Lin, Ruizhi Qiao, Chunhua Shen	https://arxiv.org/find/cs/1/au:+Liu_F/0/1/0/all/0/1,https://arxiv.org/find/cs/1/au:+Lin_G/0/1/0/all/0/1,https://arxiv.org/find/cs/1/au:+Qiao_R/0/1/0/all/0/1,https://arxiv.org/find/cs/1/au:+Shen_C/0/1/0/all/0/1	Computer Vision and Pattern Recognition (cs.CV)	https://arxiv.org/abs/1703.08764.pdf
arXiv:1703.08738	Sketch-based Face Editing in Video Using Identity Deformation Transfer	https://arxiv.org/pdf/1703.08738.pdf	Long Zhao, Fangda Han, Mubbasir Kapadia, Vladimir Pavlovic, Dimitris Metaxas	https://arxiv.org/find/cs/1/au:+Zhao_L/0/1/0/all/0/1,https://arxiv.org/find/cs/1/au:+Han_F/0/1/0/all/0/1,https://arxiv.org/find/cs/1/au:+Kapadia_M/0/1/0/all/0/1,https://arxiv.org/find/cs/1/au:+Pavlovic_V/0/1/0/all/0/1,https://arxiv.org/find/cs/1/au:+Metaxas_D/0/1/0/all/0/1	Computer Vision and Pattern Recognition (cs.CV)	https://arxiv.org/abs/1703.08738.pdf
arXiv:1703.08710	Count-ception: Counting by Fully Convolutional Redundant Counting	https://arxiv.org/pdf/1703.08710.pdf	Joseph Paul Cohen, Henry Z. Lo, Yoshua Bengio	https://arxiv.org/find/cs/1/au:+Cohen_J/0/1/0/all/0/1,https://arxiv.org/find/cs/1/au:+Lo_H/0/1/0/all/0/1,https://arxiv.org/find/cs/1/au:+Bengio_Y/0/1/0/all/0/1	Computer Vision and Pattern Recognition (cs.CV)	https://arxiv.org/abs/1703.08710.pdf
arXiv:1703.08697	Improving the Accuracy of the CogniLearn System for Cognitive Behavior  Assessment	https://arxiv.org/pdf/1703.08697.pdf	Amir Ghaderi, Srujana Gattupalli, Dylan Ebert, Ali Sharifara, Vassilis Athitsos, Fillia Makedon	https://arxiv.org/find/cs/1/au:+Ghaderi_A/0/1/0/all/0/1,https://arxiv.org/find/cs/1/au:+Gattupalli_S/0/1/0/all/0/1,https://arxiv.org/find/cs/1/au:+Ebert_D/0/1/0/all/0/1,https://arxiv.org/find/cs/1/au:+Sharifara_A/0/1/0/all/0/1,https://arxiv.org/find/cs/1/au:+Athitsos_V/0/1/0/all/0/1,https://arxiv.org/find/cs/1/au:+Makedon_F/0/1/0/all/0/1	Computer Vision and Pattern Recognition (cs.CV)	https://arxiv.org/abs/1703.08697.pdf
arXiv:1703.08653	Bayesian Optimization for Refining Object Proposals	https://arxiv.org/pdf/1703.08653.pdf	Anthony D. Rhodes, Jordan Witte, Melanie Mitchell, Bruno Jedynak	https://arxiv.org/find/cs/1/au:+Rhodes_A/0/1/0/all/0/1,https://arxiv.org/find/cs/1/au:+Witte_J/0/1/0/all/0/1,https://arxiv.org/find/cs/1/au:+Mitchell_M/0/1/0/all/0/1,https://arxiv.org/find/cs/1/au:+Jedynak_B/0/1/0/all/0/1	Computer Vision and Pattern Recognition (cs.CV)	https://arxiv.org/abs/1703.08653.pdf
arXiv:1703.08651	More is Less: A More Complicated Network with Less Inference Complexity	https://arxiv.org/pdf/1703.08651.pdf	Xuanyi Dong, Junshi Huang, Yi Yang, Shuicheng Yan	https://arxiv.org/find/cs/1/au:+Dong_X/0/1/0/all/0/1,https://arxiv.org/find/cs/1/au:+Huang_J/0/1/0/all/0/1,https://arxiv.org/find/cs/1/au:+Yang_Y/0/1/0/all/0/1,https://arxiv.org/find/cs/1/au:+Yan_S/0/1/0/all/0/1	Computer Vision and Pattern Recognition (cs.CV)	https://arxiv.org/abs/1703.08651.pdf
arXiv:1703.08628	AMAT: Medial Axis Transform for Natural Images	https://arxiv.org/pdf/1703.08628.pdf	Stavros Tsogkas, Sven Dickinson	https://arxiv.org/find/cs/1/au:+Tsogkas_S/0/1/0/all/0/1,https://arxiv.org/find/cs/1/au:+Dickinson_S/0/1/0/all/0/1	Computer Vision and Pattern Recognition (cs.CV)	https://arxiv.org/abs/1703.08628.pdf
arXiv:1703.08617	Temporal Non-Volume Preserving Approach to Facial Age-Progression and  Age-Invariant Face Recognition	https://arxiv.org/pdf/1703.08617.pdf	Chi Nhan Duong, Kha Gia Quach, Khoa Luu, T. Hoang Ngan le, Marios Savvides	https://arxiv.org/find/cs/1/au:+Duong_C/0/1/0/all/0/1,https://arxiv.org/find/cs/1/au:+Quach_K/0/1/0/all/0/1,https://arxiv.org/find/cs/1/au:+Luu_K/0/1/0/all/0/1,https://arxiv.org/find/cs/1/au:+le_T/0/1/0/all/0/1,https://arxiv.org/find/cs/1/au:+Savvides_M/0/1/0/all/0/1	Computer Vision and Pattern Recognition (cs.CV)	https://arxiv.org/abs/1703.08617.pdf
arXiv:1703.08603	Adversarial Examples for Semantic Segmentation and Object Detection	https://arxiv.org/pdf/1703.08603.pdf	Cihang Xie, Jianyu Wang, Zhishuai Zhang, Yuyin Zhou, Lingxi Xie, Alan Yuille	https://arxiv.org/find/cs/1/au:+Xie_C/0/1/0/all/0/1,https://arxiv.org/find/cs/1/au:+Wang_J/0/1/0/all/0/1,https://arxiv.org/find/cs/1/au:+Zhang_Z/0/1/0/all/0/1,https://arxiv.org/find/cs/1/au:+Zhou_Y/0/1/0/all/0/1,https://arxiv.org/find/cs/1/au:+Xie_L/0/1/0/all/0/1,https://arxiv.org/find/cs/1/au:+Yuille_A/0/1/0/all/0/1	Computer Vision and Pattern Recognition (cs.CV)	https://arxiv.org/abs/1703.08603.pdf
arXiv:1703.08580	Deep Residual Learning for Instrument Segmentation in Robotic Surgery	https://arxiv.org/pdf/1703.08580.pdf	Daniil Pakhomov, Vittal Premachandran, Max Allan, Mahdi Azizian, Nassir Navab	https://arxiv.org/find/cs/1/au:+Pakhomov_D/0/1/0/all/0/1,https://arxiv.org/find/cs/1/au:+Premachandran_V/0/1/0/all/0/1,https://arxiv.org/find/cs/1/au:+Allan_M/0/1/0/all/0/1,https://arxiv.org/find/cs/1/au:+Azizian_M/0/1/0/all/0/1,https://arxiv.org/find/cs/1/au:+Navab_N/0/1/0/all/0/1	Computer Vision and Pattern Recognition (cs.CV)	https://arxiv.org/abs/1703.08580.pdf
arXiv:1703.09161	A Dynamic Programming Solution to Bounded Dejittering Problems	https://arxiv.org/pdf/1703.09161.pdf	Lukas F. Lang	https://arxiv.org/find/math/1/au:+Lang_L/0/1/0/all/0/1	Optimization and Control (math.OC)	https://arxiv.org/abs/1703.09161.pdf
arXiv:1703.09137	Where to put the Image in an Image Caption Generator	https://arxiv.org/pdf/1703.09137.pdf	Marc Tanti (1), Albert Gatt (1), Kenneth P. Camilleri (1) ((1) University of Malta)	https://arxiv.org/find/cs/1/au:+Tanti_M/0/1/0/all/0/1,https://arxiv.org/find/cs/1/au:+Gatt_A/0/1/0/all/0/1,https://arxiv.org/find/cs/1/au:+Camilleri_K/0/1/0/all/0/1	Neural and Evolutionary Computing (cs.NE)	https://arxiv.org/abs/1703.09137.pdf
arXiv:1703.08840	Inferring The Latent Structure of Human Decision-Making from Raw Visual  Inputs	https://arxiv.org/pdf/1703.08840.pdf	Yunzhu Li, Jiaming Song, Stefano Ermon	https://arxiv.org/find/cs/1/au:+Li_Y/0/1/0/all/0/1,https://arxiv.org/find/cs/1/au:+Song_J/0/1/0/all/0/1,https://arxiv.org/find/cs/1/au:+Ermon_S/0/1/0/all/0/1	Learning (cs.LG)	https://arxiv.org/abs/1703.08840.pdf
arXiv:1703.08774	Who Said What: Modeling Individual Labelers Improves Classification	https://arxiv.org/pdf/1703.08774.pdf	Melody Y. Guan, Varun Gulshan, Andrew M. Dai, Geoffrey E. Hinton	https://arxiv.org/find/cs/1/au:+Guan_M/0/1/0/all/0/1,https://arxiv.org/find/cs/1/au:+Gulshan_V/0/1/0/all/0/1,https://arxiv.org/find/cs/1/au:+Dai_A/0/1/0/all/0/1,https://arxiv.org/find/cs/1/au:+Hinton_G/0/1/0/all/0/1	Learning (cs.LG)	https://arxiv.org/abs/1703.08774.pdf
arXiv:1703.08772	Multivariate Regression with Gross Errors on Manifold-valued Data	https://arxiv.org/pdf/1703.08772.pdf	Xiaowei Zhang, Xudong Shi, Yu Sun, Li Cheng	https://arxiv.org/find/stat/1/au:+Zhang_X/0/1/0/all/0/1,https://arxiv.org/find/stat/1/au:+Shi_X/0/1/0/all/0/1,https://arxiv.org/find/stat/1/au:+Sun_Y/0/1/0/all/0/1,https://arxiv.org/find/stat/1/au:+Cheng_L/0/1/0/all/0/1	Machine Learning (stat.ML)	https://arxiv.org/abs/1703.08772.pdf
arXiv:1703.08516	Radiomics strategies for risk assessment of tumour failure in  head-and-neck cancer	https://arxiv.org/pdf/1703.08516.pdf	Martin Vallières (1), Emily Kay-Rivest (2), Léo Jean Perrin (3), Xavier Liem (4), Christophe Furstoss (5), Hugo J. W. L. Aerts (6), Nader Khaouam (5), Phuc Felix Nguyen-Tan (4), Chang-Shu Wang (3), Khalil Sultanem (2), Jan Seuntjens (1), Issam El Naqa (7) ((1) Medical Physics Unit, McGill University, Montréal, Canada, (2) Radiation Oncology Division, Hôpital général juif, Montréal, Canada, (3) Department of Radiation Oncology, Centre hospitalier universitaire de Sherbrooke, Montréal, Canada, (4) Department of Radiation Oncology, Centre hospitalier de l'Université de Montréal, Montréal, Canada, (5) Department of Radiation Oncology, Hôpital Maisonneuve-Rosemont, Montréal, Canada, (6) Departments of Radiation Oncology & Radiology, Dana-Farber Cancer Institute, Boston, USA, (7) Department of Radiation Oncology, Physics Division, University of Michigan, Ann Arbor, USA)	https://arxiv.org/find/cs/1/au:+Vallieres_M/0/1/0/all/0/1,https://arxiv.org/find/cs/1/au:+Kay_Rivest_E/0/1/0/all/0/1,https://arxiv.org/find/cs/1/au:+Perrin_L/0/1/0/all/0/1,https://arxiv.org/find/cs/1/au:+Liem_X/0/1/0/all/0/1,https://arxiv.org/find/cs/1/au:+Furstoss_C/0/1/0/all/0/1,https://arxiv.org/find/cs/1/au:+Aerts_H/0/1/0/all/0/1,https://arxiv.org/find/cs/1/au:+Khaouam_N/0/1/0/all/0/1,https://arxiv.org/find/cs/1/au:+Nguyen_Tan_P/0/1/0/all/0/1,https://arxiv.org/find/cs/1/au:+Wang_C/0/1/0/all/0/1,https://arxiv.org/find/cs/1/au:+Sultanem_K/0/1/0/all/0/1,https://arxiv.org/find/cs/1/au:+Seuntjens_J/0/1/0/all/0/1,https://arxiv.org/find/cs/1/au:+Naqa_I/0/1/0/all/0/1	Computer Vision and Pattern Recognition (cs.CV)	https://arxiv.org/abs/1703.08516.pdf
arXiv:1703.08497	Local Deep Neural Networks for Age and Gender Classification	https://arxiv.org/pdf/1703.08497.pdf	Zukang Liao, Stavros Petridis, Maja Pantic	https://arxiv.org/find/cs/1/au:+Liao_Z/0/1/0/all/0/1,https://arxiv.org/find/cs/1/au:+Petridis_S/0/1/0/all/0/1,https://arxiv.org/find/cs/1/au:+Pantic_M/0/1/0/all/0/1	Computer Vision and Pattern Recognition (cs.CV)	https://arxiv.org/abs/1703.08497.pdf
arXiv:1703.08493	Multi-stage Multi-recursive-input Fully Convolutional Networks for  Neuronal Boundary Detection	https://arxiv.org/pdf/1703.08493.pdf	Wei Shen, Bin Wang, Yuan Jiang, Yan Wang, Alan Yuille	https://arxiv.org/find/cs/1/au:+Shen_W/0/1/0/all/0/1,https://arxiv.org/find/cs/1/au:+Wang_B/0/1/0/all/0/1,https://arxiv.org/find/cs/1/au:+Jiang_Y/0/1/0/all/0/1,https://arxiv.org/find/cs/1/au:+Wang_Y/0/1/0/all/0/1,https://arxiv.org/find/cs/1/au:+Yuille_A/0/1/0/all/0/1	Computer Vision and Pattern Recognition (cs.CV)	https://arxiv.org/abs/1703.08493.pdf
arXiv:1703.08492	Content-Based Image Retrieval Based on Late Fusion of Binary and Local  Descriptors	https://arxiv.org/pdf/1703.08492.pdf	Nouman Ali, Danish Ali Mazhar, Zeshan Iqbal, Rehan Ashraf, Jawad Ahmed, Farrukh Zeeshan Khan	https://arxiv.org/find/cs/1/au:+Ali_N/0/1/0/all/0/1,https://arxiv.org/find/cs/1/au:+Mazhar_D/0/1/0/all/0/1,https://arxiv.org/find/cs/1/au:+Iqbal_Z/0/1/0/all/0/1,https://arxiv.org/find/cs/1/au:+Ashraf_R/0/1/0/all/0/1,https://arxiv.org/find/cs/1/au:+Ahmed_J/0/1/0/all/0/1,https://arxiv.org/find/cs/1/au:+Khan_F/0/1/0/all/0/1	Computer Vision and Pattern Recognition (cs.CV)	https://arxiv.org/abs/1703.08492.pdf
arXiv:1703.08472	Medical Image Retrieval using Deep Convolutional Neural Network	https://arxiv.org/pdf/1703.08472.pdf	Adnan Qayyum, Syed Muhammad Anwar, Muhammad Awais, Muhammad Majid	https://arxiv.org/find/cs/1/au:+Qayyum_A/0/1/0/all/0/1,https://arxiv.org/find/cs/1/au:+Anwar_S/0/1/0/all/0/1,https://arxiv.org/find/cs/1/au:+Awais_M/0/1/0/all/0/1,https://arxiv.org/find/cs/1/au:+Majid_M/0/1/0/all/0/1	Computer Vision and Pattern Recognition (cs.CV)	https://arxiv.org/abs/1703.08472.pdf
arXiv:1703.08448	Object Region Mining with Adversarial Erasing: A Simple Classification  to Semantic Segmentation Approach	https://arxiv.org/pdf/1703.08448.pdf	Yunchao Wei, Jiashi Feng, Xiaodan Liang, Ming-Ming Cheng, Yao Zhao, Shuicheng Yan	https://arxiv.org/find/cs/1/au:+Wei_Y/0/1/0/all/0/1,https://arxiv.org/find/cs/1/au:+Feng_J/0/1/0/all/0/1,https://arxiv.org/find/cs/1/au:+Liang_X/0/1/0/all/0/1,https://arxiv.org/find/cs/1/au:+Cheng_M/0/1/0/all/0/1,https://arxiv.org/find/cs/1/au:+Zhao_Y/0/1/0/all/0/1,https://arxiv.org/find/cs/1/au:+Yan_S/0/1/0/all/0/1	Computer Vision and Pattern Recognition (cs.CV)	https://arxiv.org/abs/1703.08448.pdf
arXiv:1703.08388	DeepVisage: Making face recognition simple yet with powerful  generalization skills	https://arxiv.org/pdf/1703.08388.pdf	Abul Hasnat, Julien Bohné, Stéphane Gentric, Liming Chen	https://arxiv.org/find/cs/1/au:+Hasnat_A/0/1/0/all/0/1,https://arxiv.org/find/cs/1/au:+Bohne_J/0/1/0/all/0/1,https://arxiv.org/find/cs/1/au:+Gentric_S/0/1/0/all/0/1,https://arxiv.org/find/cs/1/au:+Chen_L/0/1/0/all/0/1	Computer Vision and Pattern Recognition (cs.CV)	https://arxiv.org/abs/1703.08388.pdf
arXiv:1703.08378	Feature Fusion using Extended Jaccard Graph and Stochastic Gradient  Descent for Robot	https://arxiv.org/pdf/1703.08378.pdf	Shenglan Liu, Muxin Sun, Wei Wang, Feilong Wang	https://arxiv.org/find/cs/1/au:+Liu_S/0/1/0/all/0/1,https://arxiv.org/find/cs/1/au:+Sun_M/0/1/0/all/0/1,https://arxiv.org/find/cs/1/au:+Wang_W/0/1/0/all/0/1,https://arxiv.org/find/cs/1/au:+Wang_F/0/1/0/all/0/1	Computer Vision and Pattern Recognition (cs.CV)	https://arxiv.org/abs/1703.08378.pdf
arXiv:1703.08366	A Hybrid Deep Learning Approach for Texture Analysis	https://arxiv.org/pdf/1703.08366.pdf	Hussein Adly, Mohamed Moustafa	https://arxiv.org/find/cs/1/au:+Adly_H/0/1/0/all/0/1,https://arxiv.org/find/cs/1/au:+Moustafa_M/0/1/0/all/0/1	Computer Vision and Pattern Recognition (cs.CV)	https://arxiv.org/abs/1703.08366.pdf
arXiv:1703.08359	Scalable Person Re-identification on Supervised Smoothed Manifold	https://arxiv.org/pdf/1703.08359.pdf	Song Bai, Xiang Bai, Qi Tian	https://arxiv.org/find/cs/1/au:+Bai_S/0/1/0/all/0/1,https://arxiv.org/find/cs/1/au:+Bai_X/0/1/0/all/0/1,https://arxiv.org/find/cs/1/au:+Tian_Q/0/1/0/all/0/1	Computer Vision and Pattern Recognition (cs.CV)	https://arxiv.org/abs/1703.08359.pdf
arXiv:1703.08338	Improving Classification by Improving Labelling: Introducing  Probabilistic Multi-Label Object Interaction Recognition	https://arxiv.org/pdf/1703.08338.pdf	Michael Wray, Davide Moltisanti, Walterio Mayol-Cuevas, Dima Damen	https://arxiv.org/find/cs/1/au:+Wray_M/0/1/0/all/0/1,https://arxiv.org/find/cs/1/au:+Moltisanti_D/0/1/0/all/0/1,https://arxiv.org/find/cs/1/au:+Mayol_Cuevas_W/0/1/0/all/0/1,https://arxiv.org/find/cs/1/au:+Damen_D/0/1/0/all/0/1	Computer Vision and Pattern Recognition (cs.CV)	https://arxiv.org/abs/1703.08338.pdf
arXiv:1703.08289	Deep Direct Regression for Multi-Oriented Scene Text Detection	https://arxiv.org/pdf/1703.08289.pdf	Wenhao He, Xu-Yao Zhang, Fei Yin, Cheng-Lin Liu	https://arxiv.org/find/cs/1/au:+He_W/0/1/0/all/0/1,https://arxiv.org/find/cs/1/au:+Zhang_X/0/1/0/all/0/1,https://arxiv.org/find/cs/1/au:+Yin_F/0/1/0/all/0/1,https://arxiv.org/find/cs/1/au:+Liu_C/0/1/0/all/0/1	Computer Vision and Pattern Recognition (cs.CV)	https://arxiv.org/abs/1703.08289.pdf
arXiv:1703.08274	View Adaptive Recurrent Neural Networks for High Performance Human  Action Recognition from Skeleton Data	https://arxiv.org/pdf/1703.08274.pdf	Pengfei Zhang, Cuiling Lan, Junliang Xing, Wenjun Zeng, Jianru Xue, Nanning Zheng	https://arxiv.org/find/cs/1/au:+Zhang_P/0/1/0/all/0/1,https://arxiv.org/find/cs/1/au:+Lan_C/0/1/0/all/0/1,https://arxiv.org/find/cs/1/au:+Xing_J/0/1/0/all/0/1,https://arxiv.org/find/cs/1/au:+Zeng_W/0/1/0/all/0/1,https://arxiv.org/find/cs/1/au:+Xue_J/0/1/0/all/0/1,https://arxiv.org/find/cs/1/au:+Zheng_N/0/1/0/all/0/1	Computer Vision and Pattern Recognition (cs.CV)	https://arxiv.org/abs/1703.08274.pdf
arXiv:1703.08238	Semi-Automatic Segmentation and Ultrasonic Characterization of Solid  Breast Lesions	https://arxiv.org/pdf/1703.08238.pdf	Mohammad Saad Billah, Tahmida Binte Mahmud	https://arxiv.org/find/cs/1/au:+Billah_M/0/1/0/all/0/1,https://arxiv.org/find/cs/1/au:+Mahmud_T/0/1/0/all/0/1	Computer Vision and Pattern Recognition (cs.CV)	https://arxiv.org/abs/1703.08238.pdf
arXiv:1703.08173	Single Image Super-resolution with a Parameter Economic Residual-like  Convolutional Neural Network	https://arxiv.org/pdf/1703.08173.pdf	Yudong Liang, Ze Yang, Kai Zhang, Yihui He, Jinjun Wang, Nanning Zheng	https://arxiv.org/find/cs/1/au:+Liang_Y/0/1/0/all/0/1,https://arxiv.org/find/cs/1/au:+Yang_Z/0/1/0/all/0/1,https://arxiv.org/find/cs/1/au:+Zhang_K/0/1/0/all/0/1,https://arxiv.org/find/cs/1/au:+He_Y/0/1/0/all/0/1,https://arxiv.org/find/cs/1/au:+Wang_J/0/1/0/all/0/1,https://arxiv.org/find/cs/1/au:+Zheng_N/0/1/0/all/0/1	Computer Vision and Pattern Recognition (cs.CV)	https://arxiv.org/abs/1703.08173.pdf
arXiv:1703.08245	On the Robustness of Convolutional Neural Networks to Internal  Architecture and Weight Perturbations	https://arxiv.org/pdf/1703.08245.pdf	Nicholas Cheney, Martin Schrimpf, Gabriel Kreiman	https://arxiv.org/find/cs/1/au:+Cheney_N/0/1/0/all/0/1,https://arxiv.org/find/cs/1/au:+Schrimpf_M/0/1/0/all/0/1,https://arxiv.org/find/cs/1/au:+Kreiman_G/0/1/0/all/0/1	Learning (cs.LG)	https://arxiv.org/abs/1703.08245.pdf
